burst_id,source,file,mjd,dms,toa
1,FRB20121102,FRB20121102_0001.fits,58724.87854,567.3,3.092631209
2,FRB20121102,FRB20121102_0002.fits,58724.88611,565.1,3.30737934
3,FRB20121102,FRB20121102_0003.fits,58724.88735,565.8,1.073093782
4,FRB20121102,FRB20121102_0004.fits,58724.88856,567.6,4.121581069
5,FRB20121102,FRB20121102_0005.fits,58724.89207,565.8,1.266164426
6,FRB20121102,FRB20121102_0006.fits,58724.93422,564.1,4.191827495
7,FRB20121102,FRB20121102_0007.fits,58724.94346,568.1,3.023686702
8,FRB20121102,FRB20121102_0008.fits,58724.95711,568,3.537135688
9,FRB20121102,FRB20121102_0009.fits,58724.97736,564,4.454327328
10,FRB20121102,FRB20121102_0010.fits,58725.87687,567.1,1.240860298
11,FRB20121102,FRB20121102_0011.fits,58725.87709,562.3,0.601990172
12,FRB20121102,FRB20121102_0012.fits,58725.88266,565.9,0.27080609
13,FRB20121102,FRB20121102_0013.fits,58725.88652,566,2.062369999
14,FRB20121102,FRB20121102_0014.fits,58725.89031,564.5,2.001892682
15,FRB20121102,FRB20121102_0015.fits,58725.8916,566.1,3.298848658
16,FRB20121102,FRB20121102_0016.fits,58725.89406,564.5,4.304861859
17,FRB20121102,FRB20121102_0017.fits,58725.89784,559.7,0.431372761
18,FRB20121102,FRB20121102_0018.fits,58725.89964,568.5,3.315300867
19,FRB20121102,FRB20121102_0019.fits,58725.9016,566.7,4.421417252
20,FRB20121102,FRB20121102_0020.fits,58725.91642,568.5,2.962085372
21,FRB20121102,FRB20121102_0021.fits,58725.91723,566,2.324996819
22,FRB20121102,FRB20121102_0022.fits,58725.91852,566,3.536289535
23,FRB20121102,FRB20121102_0023.fits,58725.91978,566,1.726721297
24,FRB20121102,FRB20121102_0024.fits,58725.92114,566.3,3.374373796
25,FRB20121102,FRB20121102_0025.fits,58725.93073,563.2,2.073889249
26,FRB20121102,FRB20121102_0026.fits,58725.93219,567.6,1.395423431
27,FRB20121102,FRB20121102_0027.fits,58725.93325,566,4.03783517
28,FRB20121102,FRB20121102_0028.fits,58725.93382,569.4,0.881141494
29,FRB20121102,FRB20121102_0029.fits,58725.94137,569.4,0.598989031
30,FRB20121102,FRB20121102_0030.fits,58725.94177,566,3.996482422
31,FRB20121102,FRB20121102_0031.fits,58725.94311,566,3.029052797
32,FRB20121102,FRB20121102_0032.fits,58725.95486,565.7,4.568999307
33,FRB20121102,FRB20121102_0033.fits,58725.95629,554.5,1.033996604
34,FRB20121102,FRB20121102_0034.fits,58725.95747,567,0.075995992
35,FRB20121102,FRB20121102_0035.fits,58725.95918,569,1.183143351
36,FRB20121102,FRB20121102_0036.fits,58725.96264,570,1.601885422
37,FRB20121102,FRB20121102_0037.fits,58725.96519,565.9,4.23819304
38,FRB20121102,FRB20121102_0038.fits,58725.96737,564.6,2.396419435
39,FRB20121102,FRB20121102_0039.fits,58725.97439,566,0.310313771
40,FRB20121102,FRB20121102_0040.fits,58725.97872,566,1.633471576
41,FRB20121102,FRB20121102_0041.fits,58725.98233,567.9,2.810202143
42,FRB20121102,FRB20121102_0042.fits,58725.98934,566,2.157887234
43,FRB20121102,FRB20121102_0043.fits,58725.99312,563.7,0.848496077
44,FRB20121102,FRB20121102_0044.fits,58725.99346,566,2.791710617
45,FRB20121102,FRB20121102_0045.fits,58725.9954,563,2.119072317
46,FRB20121102,FRB20121102_0046.fits,58725.99917,570,0.838889158
47,FRB20121102,FRB20121102_0047.fits,58726.91928,564.6,3.388895444
48,FRB20121102,FRB20121102_0048.fits,58726.92236,568.9,4.175517987
49,FRB20121102,FRB20121102_0049.fits,58726.92487,566.3,0.613427698
50,FRB20121102,FRB20121102_0050.fits,58726.9285,550.6,2.614509431
51,FRB20121102,FRB20121102_0051.fits,58726.92881,564.5,3.443181259
52,FRB20121102,FRB20121102_0052.fits,58726.9379,566,1.490893518
53,FRB20121102,FRB20121102_0053.fits,58726.95049,565.6,0.727997837
54,FRB20121102,FRB20121102_0054.fits,58726.96659,566.2,0.583997788
55,FRB20121102,FRB20121102_0055.fits,58726.96912,567.9,0.07900279
56,FRB20121102,FRB20121102_0056.fits,58726.99691,568.5,4.203012306
57,FRB20121102,FRB20121102_0057.fits,58727.00096,566,3.051793948
58,FRB20121102,FRB20121102_0058.fits,58727.0022,566,3.317895904
59,FRB20121102,FRB20121102_0059.fits,58727.00481,566,4.440196068
60,FRB20121102,FRB20121102_0060.fits,58727.00599,569.4,0.980083575
61,FRB20121102,FRB20121102_0061.fits,58727.01297,568.5,0.204998511
62,FRB20121102,FRB20121102_0062.fits,58727.01499,566,1.160649885
63,FRB20121102,FRB20121102_0063.fits,58727.02758,565.7,0.03600237
64,FRB20121102,FRB20121102_0064.fits,58727.02776,566,0.655068993
65,FRB20121102,FRB20121102_0065.fits,58727.03038,566,2.852893271
66,FRB20121102,FRB20121102_0066.fits,58727.04499,566,2.912597987
67,FRB20121102,FRB20121102_0067.fits,58727.07875,563.2,1.920995791
68,FRB20121102,FRB20121102_0068.fits,58727.08863,564.5,0.865454343
69,FRB20121102,FRB20121102_0069.fits,58727.09309,565.8,1.972047868
70,FRB20121102,FRB20121102_0070.fits,58727.09783,567.6,0.5870027
71,FRB20121102,FRB20121102_0071.fits,58727.90448,566,1.813925989
72,FRB20121102,FRB20121102_0072.fits,58727.90725,565,1.797889941
73,FRB20121102,FRB20121102_0073.fits,58727.91222,567.2,0.377704273
74,FRB20121102,FRB20121102_0074.fits,58727.91595,567.2,0.289598107
75,FRB20121102,FRB20121102_0075.fits,58727.91643,563.8,2.860672097
76,FRB20121102,FRB20121102_0076.fits,58727.92247,566,2.865897375
77,FRB20121102,FRB20121102_0077.fits,58727.92665,561,3.339549503
78,FRB20121102,FRB20121102_0078.fits,58727.92923,562.8,1.320212614
79,FRB20121102,FRB20121102_0079.fits,58727.93887,566,2.691889065
80,FRB20121102,FRB20121102_0080.fits,58727.95445,564.5,0.219112169
81,FRB20121102,FRB20121102_0081.fits,58727.96338,569,1.185995503
82,FRB20121102,FRB20121102_0082.fits,58727.96344,567.6,0.107199932
83,FRB20121102,FRB20121102_0083.fits,58727.96464,566,1.60530461
84,FRB20121102,FRB20121102_0084.fits,58727.96551,552.4,2.685795003
85,FRB20121102,FRB20121102_0085.fits,58727.96581,566,1.453432697
86,FRB20121102,FRB20121102_0086.fits,58727.97233,565.5,0.924006128
87,FRB20121102,FRB20121102_0087.fits,58727.9903,565.5,2.552482509
88,FRB20121102,FRB20121102_0088.fits,58727.99761,566.7,1.213895925
89,FRB20121102,FRB20121102_0089.fits,58728.00055,565.6,3.655600268
90,FRB20121102,FRB20121102_0090.fits,58728.00314,566.1,2.227875916
91,FRB20121102,FRB20121102_0091.fits,58728.00754,562.6,2.300000098
92,FRB20121102,FRB20121102_0092.fits,58728.01335,566.6,2.105552726
93,FRB20121102,FRB20121102_0093.fits,58728.0153,569,0.121417316
94,FRB20121102,FRB20121102_0094.fits,58728.02164,565.1,3.497188585
95,FRB20121102,FRB20121102_0095.fits,58728.02393,563.7,0.432191882
96,FRB20121102,FRB20121102_0096.fits,58728.02758,558.9,0.484383688
97,FRB20121102,FRB20121102_0097.fits,58728.05305,566,3.257403499
98,FRB20121102,FRB20121102_0098.fits,58728.05797,570,2.581466711
99,FRB20121102,FRB20121102_0099.fits,58728.06978,566,4.16373848
100,FRB20121102,FRB20121102_0100.fits,58728.0784,567,3.483687853
101,FRB20121102,FRB20121102_0101.fits,58728.9873,564.3,2.286745794
102,FRB20121102,FRB20121102_0102.fits,58728.98807,567.2,3.297939012
103,FRB20121102,FRB20121102_0103.fits,58728.99441,566,4.615555331
104,FRB20121102,FRB20121102_0104.fits,58729.00529,568.3,4.404717986
105,FRB20121102,FRB20121102_0105.fits,58729.00875,569,0.521179405
106,FRB20121102,FRB20121102_0106.fits,58729.01504,568,2.341655851
107,FRB20121102,FRB20121102_0107.fits,58729.01709,564.6,0.293671084
108,FRB20121102,FRB20121102_0108.fits,58729.01773,564.7,1.931456407
109,FRB20121102,FRB20121102_0109.fits,58729.01895,563.1,4.480905714
110,FRB20121102,FRB20121102_0110.fits,58729.02411,565.4,1.211280143
111,FRB20121102,FRB20121102_0111.fits,58729.02757,565.1,0.147302309
112,FRB20121102,FRB20121102_0112.fits,58729.04499,566.6,0.50302546
113,FRB20121102,FRB20121102_0113.fits,58729.04788,563.5,2.511320869
114,FRB20121102,FRB20121102_0114.fits,58729.05099,563.8,3.726623696
115,FRB20121102,FRB20121102_0115.fits,58729.05547,568.4,1.622641948
116,FRB20121102,FRB20121102_0116.fits,58729.05625,561.5,3.018851182
117,FRB20121102,FRB20121102_0117.fits,58729.06399,569.4,2.934917319
118,FRB20121102,FRB20121102_0118.fits,58729.06962,569.5,3.099543764
119,FRB20121102,FRB20121102_0119.fits,58729.07313,564.9,3.073358908
120,FRB20121102,FRB20121102_0120.fits,58730.87174,568.1,3.43821561
121,FRB20121102,FRB20121102_0121.fits,58730.87389,567,1.223838539
122,FRB20121102,FRB20121102_0122.fits,58730.88066,569.5,2.272080816
123,FRB20121102,FRB20121102_0123.fits,58730.88138,568.1,1.658508531
124,FRB20121102,FRB20121102_0124.fits,58730.89133,568.9,1.067320956
125,FRB20121102,FRB20121102_0125.fits,58730.89494,566.9,0.560771325
126,FRB20121102,FRB20121102_0126.fits,58730.90088,566.2,0.653965096
127,FRB20121102,FRB20121102_0127.fits,58730.90254,567,1.587731531
128,FRB20121102,FRB20121102_0128.fits,58730.90794,563.6,4.141932749
129,FRB20121102,FRB20121102_0129.fits,58730.90824,566.9,1.950536971
130,FRB20121102,FRB20121102_0130.fits,58732.86897,562.8,1.130607678
131,FRB20121102,FRB20121102_0131.fits,58732.86913,566,2.236686973
132,FRB20121102,FRB20121102_0132.fits,58732.87069,566,2.18156192
133,FRB20121102,FRB20121102_0133.fits,58732.87629,566,0.708675245
134,FRB20121102,FRB20121102_0134.fits,58732.87858,563.7,2.388563287
135,FRB20121102,FRB20121102_0135.fits,58732.87899,569.4,1.68778568
136,FRB20121102,FRB20121102_0136.fits,58732.95252,565.9,1.017576456
137,FRB20121102,FRB20121102_0137.fits,58732.95445,566.7,0.067168591
138,FRB20121102,FRB20121102_0138.fits,58732.95454,564.1,0.684766704
139,FRB20121102,FRB20121102_0139.fits,58732.95642,566,2.980132448
140,FRB20121102,FRB20121102_0140.fits,58732.95955,567.2,2.557188529
141,FRB20121102,FRB20121102_0141.fits,58732.96024,568.4,3.813142539
142,FRB20121102,FRB20121102_0142.fits,58732.96094,565.4,0.533273234
143,FRB20121102,FRB20121102_0143.fits,58732.96289,565.4,0.090266182
144,FRB20121102,FRB20121102_0144.fits,58732.96307,566,3.924652445
145,FRB20121102,FRB20121102_0145.fits,58732.96488,567.6,3.188575921
146,FRB20121102,FRB20121102_0146.fits,58732.96787,566,3.021921474
147,FRB20121102,FRB20121102_0147.fits,58732.97291,566,4.021127732
148,FRB20121102,FRB20121102_0148.fits,58732.97332,566,0.346421753
149,FRB20121102,FRB20121102_0149.fits,58732.97457,566,1.099344017
150,FRB20121102,FRB20121102_0150.fits,58732.97579,566,1.282886323
151,FRB20121102,FRB20121102_0151.fits,58732.97662,565,2.60858133
152,FRB20121102,FRB20121102_0152.fits,58732.9778,567.2,0.87936495
153,FRB20121102,FRB20121102_0153.fits,58732.98015,567.3,4.21072701
154,FRB20121102,FRB20121102_0154.fits,58732.98228,566,1.432302129
155,FRB20121102,FRB20121102_0155.fits,58732.98597,567.2,4.159556748
156,FRB20121102,FRB20121102_0156.fits,58732.98676,559.7,0.967953913
157,FRB20121102,FRB20121102_0157.fits,58732.99216,565.4,0.642246567
158,FRB20121102,FRB20121102_0158.fits,58733.90535,564.5,0.417424436
159,FRB20121102,FRB20121102_0159.fits,58733.91748,565.9,4.326781374
160,FRB20121102,FRB20121102_0160.fits,58733.91863,566.1,3.66701202
161,FRB20121102,FRB20121102_0161.fits,58733.91888,567.9,0.051092939
162,FRB20121102,FRB20121102_0162.fits,58733.9196,565.5,3.324895212
163,FRB20121102,FRB20121102_0163.fits,58733.92266,562.6,2.931374288
164,FRB20121102,FRB20121102_0164.fits,58733.92328,564.2,0.449192268
165,FRB20121102,FRB20121102_0165.fits,58733.93118,566,3.230410838
166,FRB20121102,FRB20121102_0166.fits,58733.93129,565.6,0.059731118
167,FRB20121102,FRB20121102_0167.fits,58735.01936,564.4,3.149255575
168,FRB20121102,FRB20121102_0168.fits,58735.02506,568.4,4.495025659
169,FRB20121102,FRB20121102_0169.fits,58735.02664,566.7,0.979065802
170,FRB20121102,FRB20121102_0170.fits,58735.02708,563.9,0.434355042
171,FRB20121102,FRB20121102_0171.fits,58735.02847,566.1,0.625695661
172,FRB20121102,FRB20121102_0172.fits,58735.02905,562.8,2.620636183
173,FRB20121102,FRB20121102_0173.fits,58735.03189,562.6,3.527501738
174,FRB20121102,FRB20121102_0174.fits,58735.03226,567.6,3.072592593
175,FRB20121102,FRB20121102_0175.fits,58735.03724,567.4,2.161032334
176,FRB20121102,FRB20121102_0176.fits,58735.04018,566.5,4.042789503
177,FRB20121102,FRB20121102_0177.fits,58735.04044,568.3,2.059617802
178,FRB20121102,FRB20121102_0178.fits,58735.04418,563,4.630334722
179,FRB20121102,FRB20121102_0179.fits,58735.04609,565,3.209927143
180,FRB20121102,FRB20121102_0180.fits,58736.96933,569.5,2.44876463
181,FRB20121102,FRB20121102_0181.fits,58736.97519,566.5,0.955746928
182,FRB20121102,FRB20121102_0182.fits,58736.98077,564.3,4.441112629
183,FRB20121102,FRB20121102_0183.fits,58736.98171,567.2,1.664609509
184,FRB20121102,FRB20121102_0184.fits,58736.98369,566.7,0.631703599
185,FRB20121102,FRB20121102_0185.fits,58736.98414,566.7,3.071589908
186,FRB20121102,FRB20121102_0186.fits,58736.98545,567.7,1.676093554
187,FRB20121102,FRB20121102_0187.fits,58736.98872,569.8,0.944222021
188,FRB20121102,FRB20121102_0188.fits,58736.99189,563.6,3.848625021
189,FRB20121102,FRB20121102_0189.fits,58736.99276,563.5,0.379929668
190,FRB20121102,FRB20121102_0190.fits,58738.95916,566,3.962584119
191,FRB20121102,FRB20121102_0191.fits,58738.95977,559.7,1.936538354
192,FRB20121102,FRB20121102_0192.fits,58738.96299,565.8,0.253899372
193,FRB20121102,FRB20121102_0193.fits,58738.9633,565.8,1.100115362
194,FRB20121102,FRB20121102_0194.fits,58738.96705,567.1,1.559606055
195,FRB20121102,FRB20121102_0195.fits,58738.96839,565.1,1.033504377
196,FRB20121102,FRB20121102_0196.fits,58738.97039,568.5,4.243857111
197,FRB20121102,FRB20121102_0197.fits,58738.97397,564.8,4.416215234
198,FRB20121102,FRB20121102_0198.fits,58738.97587,564.9,2.525091288
199,FRB20121102,FRB20121102_0199.fits,58738.97631,563.8,2.596356743
200,FRB20121102,FRB20121102_0200.fits,58738.97705,566.1,0.743219792
201,FRB20121102,FRB20121102_0201.fits,58738.97743,565.5,0.526998751
202,FRB20121102,FRB20121102_0202.fits,58738.97832,566.4,0.17425851
203,FRB20121102,FRB20121102_0203.fits,58738.98097,567.9,3.551893705
204,FRB20121102,FRB20121102_0204.fits,58738.98683,565.2,1.08399759
205,FRB20121102,FRB20121102_0205.fits,58738.98779,565.5,1.700158627
206,FRB20121102,FRB20121102_0206.fits,58738.98873,566.4,3.880925942
207,FRB20121102,FRB20121102_0207.fits,58738.9894,566.8,3.207540186
208,FRB20121102,FRB20121102_0208.fits,58738.98983,569.3,0.534209912
209,FRB20121102,FRB20121102_0209.fits,58738.99104,568.3,0.10974342
210,FRB20121102,FRB20121102_0210.fits,58738.99463,566.7,1.565098506
211,FRB20121102,FRB20121102_0211.fits,58741.87806,565.7,0.142820715
212,FRB20121102,FRB20121102_0212.fits,58741.89568,566.1,4.204475158
213,FRB20121102,FRB20121102_0213.fits,58742.89156,565.6,0.932870619
214,FRB20121102,FRB20121102_0214.fits,58742.90261,564.5,1.068983716
215,FRB20121102,FRB20121102_0215.fits,58743.92424,562.8,3.324832348
216,FRB20121102,FRB20121102_0216.fits,58743.92496,566.5,0.727329589
217,FRB20121102,FRB20121102_0217.fits,58743.93975,566.6,1.47582558
218,FRB20121102,FRB20121102_0218.fits,58743.94178,564.1,1.959414664
219,FRB20121102,FRB20121102_0219.fits,58744.87408,566,3.365907236
220,FRB20121102,FRB20121102_0220.fits,58744.88331,566,2.700979239
221,FRB20121102,FRB20121102_0221.fits,58744.89518,566,0.687153032
222,FRB20121102,FRB20121102_0222.fits,58744.90143,566.3,1.590943267
223,FRB20121102,FRB20121102_0223.fits,58745.92981,567.7,0.535747572
224,FRB20121102,FRB20121102_0224.fits,58745.9322,566.4,0.916197756
225,FRB20121102,FRB20121102_0225.fits,58745.93348,566.7,1.896592509
226,FRB20121102,FRB20121102_0226.fits,58745.93655,566,2.763336198
227,FRB20121102,FRB20121102_0227.fits,58745.93936,569,4.402764165
228,FRB20121102,FRB20121102_0228.fits,58745.94069,566.2,1.392104197
229,FRB20121102,FRB20121102_0229.fits,58745.94291,568.2,2.718755999
230,FRB20121102,FRB20121102_0230.fits,58745.9443,563.4,4.397405614
231,FRB20121102,FRB20121102_0231.fits,58745.94616,567.2,2.99398019
232,FRB20121102,FRB20121102_0232.fits,58745.94655,566.9,4.4542016
233,FRB20121102,FRB20121102_0233.fits,58745.94663,566.2,1.931147114
234,FRB20121102,FRB20121102_0234.fits,58745.94954,564.9,3.939460753
235,FRB20121102,FRB20121102_0235.fits,58745.95019,565.3,2.479749802
236,FRB20121102,FRB20121102_0236.fits,58745.95897,567.5,1.206418849
237,FRB20121102,FRB20121102_0237.fits,58745.95981,566,4.246357852
238,FRB20121102,FRB20121102_0238.fits,58745.96112,565.3,2.471579961
239,FRB20121102,FRB20121102_0239.fits,58745.96425,565,1.861203066
240,FRB20121102,FRB20121102_0240.fits,58746.86301,568.7,4.169872147
241,FRB20121102,FRB20121102_0241.fits,58746.86845,567,2.781108557
242,FRB20121102,FRB20121102_0242.fits,58746.86868,567,2.830991358
243,FRB20121102,FRB20121102_0243.fits,58746.86883,568,2.696024906
244,FRB20121102,FRB20121102_0244.fits,58746.86912,565.5,2.536079963
245,FRB20121102,FRB20121102_0245.fits,58746.87112,568.2,1.251623919
246,FRB20121102,FRB20121102_0246.fits,58746.87308,567.2,1.286368375
247,FRB20121102,FRB20121102_0247.fits,58746.87563,565.4,3.295821114
248,FRB20121102,FRB20121102_0248.fits,58746.8803,565.9,2.899830882
249,FRB20121102,FRB20121102_0249.fits,58746.88187,562.9,2.983647189
250,FRB20121102,FRB20121102_0250.fits,58746.88253,567.8,1.631276356
251,FRB20121102,FRB20121102_0251.fits,58746.88459,566.5,0.793628138
252,FRB20121102,FRB20121102_0252.fits,58746.88753,566.7,2.294725156
253,FRB20121102,FRB20121102_0253.fits,58746.89189,563.6,1.113333204
254,FRB20121102,FRB20121102_0254.fits,58746.89201,566.3,1.720256335
255,FRB20121102,FRB20121102_0255.fits,58746.89301,567.2,4.520582501
256,FRB20121102,FRB20121102_0256.fits,58746.89335,564.7,0.712201302
257,FRB20121102,FRB20121102_0257.fits,58746.90142,565.3,1.771730231
258,FRB20121102,FRB20121102_0258.fits,58747.84332,566,4.159975424
259,FRB20121102,FRB20121102_0259.fits,58747.84516,564.9,3.080488346
260,FRB20121102,FRB20121102_0260.fits,58747.84727,570,4.250877164
261,FRB20121102,FRB20121102_0261.fits,58747.85053,565,3.141501895
262,FRB20121102,FRB20121102_0262.fits,58747.8546,565.4,0.877441303
263,FRB20121102,FRB20121102_0263.fits,58747.85953,565.4,1.083375863
264,FRB20121102,FRB20121102_0264.fits,58747.86092,565.8,2.830698411
265,FRB20121102,FRB20121102_0265.fits,58747.86347,565.6,2.645551809
266,FRB20121102,FRB20121102_0266.fits,58747.86446,564.8,2.037314186
267,FRB20121102,FRB20121102_0267.fits,58747.86549,566.7,0.594511209
268,FRB20121102,FRB20121102_0268.fits,58748.91088,566,3.360104235
269,FRB20121102,FRB20121102_0269.fits,58748.92432,565.3,2.403953718
270,FRB20121102,FRB20121102_0270.fits,58748.9253,567.2,1.750149555
271,FRB20121102,FRB20121102_0271.fits,58748.92897,564.9,3.843371454
272,FRB20121102,FRB20121102_0272.fits,58748.92918,566.3,2.910996205
273,FRB20121102,FRB20121102_0273.fits,58748.93031,569.4,3.189256112
274,FRB20121102,FRB20121102_0274.fits,58748.9365,566.2,4.11847746
275,FRB20121102,FRB20121102_0275.fits,58748.93712,566,0.555043761
276,FRB20121102,FRB20121102_0276.fits,58748.93759,563.7,1.32488783
277,FRB20121102,FRB20121102_0277.fits,58748.93845,566,2.837726008
278,FRB20121102,FRB20121102_0278.fits,58748.94455,564.5,1.93183925
279,FRB20121102,FRB20121102_0279.fits,58748.94545,566,1.907117874
280,FRB20121102,FRB20121102_0280.fits,58748.94606,568.5,0.834244117
281,FRB20121102,FRB20121102_0281.fits,58748.94625,565.4,1.854751934
282,FRB20121102,FRB20121102_0282.fits,58748.94753,566,3.175735264
283,FRB20121102,FRB20121102_0283.fits,58748.94797,565.4,2.597051393
284,FRB20121102,FRB20121102_0284.fits,58748.94849,567.6,2.573212632
285,FRB20121102,FRB20121102_0285.fits,58748.94952,566,1.286914037
286,FRB20121102,FRB20121102_0286.fits,58749.86128,567.9,2.19852333
287,FRB20121102,FRB20121102_0287.fits,58749.86284,566.9,0.381753989
288,FRB20121102,FRB20121102_0288.fits,58749.86518,567.8,4.227071721
289,FRB20121102,FRB20121102_0289.fits,58749.86637,566.7,4.60215644
290,FRB20121102,FRB20121102_0290.fits,58749.86661,565.4,2.73659688
291,FRB20121102,FRB20121102_0291.fits,58749.87332,565,3.019000171
292,FRB20121102,FRB20121102_0292.fits,58749.87376,563.6,3.333904292
293,FRB20121102,FRB20121102_0293.fits,58749.87604,566,1.559225726
294,FRB20121102,FRB20121102_0294.fits,58749.8777,567.9,3.271310963
295,FRB20121102,FRB20121102_0295.fits,58749.87836,567.1,2.955907071
296,FRB20121102,FRB20121102_0296.fits,58749.88139,566.9,2.324373834
297,FRB20121102,FRB20121102_0297.fits,58749.89111,565.9,2.092141262
298,FRB20121102,FRB20121102_0298.fits,58750.85544,566,4.312405572
299,FRB20121102,FRB20121102_0299.fits,58750.85566,568.5,0.238865381
300,FRB20121102,FRB20121102_0300.fits,58750.85588,568.5,2.462508646
301,FRB20121102,FRB20121102_0301.fits,58750.85796,563.7,1.477103611
302,FRB20121102,FRB20121102_0302.fits,58750.85955,564.3,1.086273906
303,FRB20121102,FRB20121102_0303.fits,58750.86055,562.3,3.643895569
304,FRB20121102,FRB20121102_0304.fits,58750.86379,564.6,0.120724551
305,FRB20121102,FRB20121102_0305.fits,58750.86507,566.2,1.02077499
306,FRB20121102,FRB20121102_0306.fits,58750.87115,566.3,4.165463476
307,FRB20121102,FRB20121102_0307.fits,58750.87436,563.3,3.670658148
308,FRB20121102,FRB20121102_0308.fits,58750.88436,566.3,0.804223912
309,FRB20121102,FRB20121102_0309.fits,58750.88475,569.8,0.61164361
310,FRB20121102,FRB20121102_0310.fits,58750.88961,568.8,4.465119238
311,FRB20121102,FRB20121102_0311.fits,58750.89448,566,0.105182617
312,FRB20121102,FRB20121102_0312.fits,58750.89469,568.9,2.888561203
313,FRB20121102,FRB20121102_0313.fits,58750.89492,566,0.942143728
314,FRB20121102,FRB20121102_0314.fits,58751.88443,565.3,4.376715096
315,FRB20121102,FRB20121102_0315.fits,58751.88822,566.2,1.333133108
316,FRB20121102,FRB20121102_0316.fits,58751.89443,566,2.753954963
317,FRB20121102,FRB20121102_0317.fits,58751.89624,565.3,4.419132764
318,FRB20121102,FRB20121102_0318.fits,58751.90242,566,1.337659964
319,FRB20121102,FRB20121102_0319.fits,58751.90269,567.2,0.65247647
320,FRB20121102,FRB20121102_0320.fits,58751.90572,566,0.40225843
321,FRB20121102,FRB20121102_0321.fits,58751.90831,561.5,3.267539106
322,FRB20121102,FRB20121102_0322.fits,58751.90917,564.4,4.430653271
323,FRB20121102,FRB20121102_0323.fits,58751.90947,564.4,3.860556032
324,FRB20121102,FRB20121102_0324.fits,58751.91214,564.5,1.066369819
325,FRB20121102,FRB20121102_0325.fits,58751.91783,566.1,2.2206767
326,FRB20121102,FRB20121102_0326.fits,58751.91918,565.1,4.106862028
327,FRB20121102,FRB20121102_0327.fits,58752.85111,564.2,0.487568392
328,FRB20121102,FRB20121102_0328.fits,58752.85188,567.4,1.748446561
329,FRB20121102,FRB20121102_0329.fits,58752.8535,555.4,0.661496865
330,FRB20121102,FRB20121102_0330.fits,58752.85429,561.5,2.017388726
331,FRB20121102,FRB20121102_0331.fits,58752.85777,565.1,2.170680114
332,FRB20121102,FRB20121102_0332.fits,58752.85862,563.7,4.59540356
333,FRB20121102,FRB20121102_0333.fits,58752.86037,566.6,2.171551413
334,FRB20121102,FRB20121102_0334.fits,58752.8688,567.3,2.557817171
335,FRB20121102,FRB20121102_0335.fits,58752.86892,566.5,1.090887515
336,FRB20121102,FRB20121102_0336.fits,58752.87166,567.4,4.461703822
337,FRB20121102,FRB20121102_0337.fits,58752.87192,565.9,1.562878769
338,FRB20121102,FRB20121102_0338.fits,58752.87206,565.7,2.18060324
339,FRB20121102,FRB20121102_0339.fits,58752.87713,566.4,2.12517078
340,FRB20121102,FRB20121102_0340.fits,58752.87944,568,0.296909851
341,FRB20121102,FRB20121102_0341.fits,58752.88242,565.2,0.562773552
342,FRB20121102,FRB20121102_0342.fits,58752.88493,564.3,4.459233256
343,FRB20121102,FRB20121102_0343.fits,58752.88515,564.4,1.877630758
344,FRB20121102,FRB20121102_0344.fits,58752.88526,564.3,0.745633151
345,FRB20121102,FRB20121102_0345.fits,58752.88674,563.4,0.00972196
346,FRB20121102,FRB20121102_0346.fits,58753.92587,567.4,1.266987948
347,FRB20121102,FRB20121102_0347.fits,58753.92877,567.1,1.061401656
348,FRB20121102,FRB20121102_0348.fits,58753.92886,567.9,3.6089028
349,FRB20121102,FRB20121102_0349.fits,58753.93194,564.7,0.617237273
350,FRB20121102,FRB20121102_0350.fits,58753.93261,569.3,3.686403763
351,FRB20121102,FRB20121102_0351.fits,58753.93616,567.7,1.658759359
352,FRB20121102,FRB20121102_0352.fits,58753.93746,567.8,1.177190104
353,FRB20121102,FRB20121102_0353.fits,58753.93897,567.1,0.966899679
354,FRB20121102,FRB20121102_0354.fits,58753.9393,562.9,2.315823664
355,FRB20121102,FRB20121102_0355.fits,58753.94361,568,3.92356175
356,FRB20121102,FRB20121102_0356.fits,58753.94447,568.1,0.934151793
357,FRB20121102,FRB20121102_0357.fits,58753.94746,567.6,0.581469387
358,FRB20121102,FRB20121102_0358.fits,58753.95056,565.1,1.30909821
359,FRB20121102,FRB20121102_0359.fits,58754.98236,566,0.489250012
360,FRB20121102,FRB20121102_0360.fits,58754.98516,569.2,1.233659824
361,FRB20121102,FRB20121102_0361.fits,58754.98864,566.7,3.529641638
362,FRB20121102,FRB20121102_0362.fits,58754.98878,568.1,4.286015779
363,FRB20121102,FRB20121102_0363.fits,58754.99256,566.5,2.378366701
364,FRB20121102,FRB20121102_0364.fits,58754.99322,564.9,1.668962231
365,FRB20121102,FRB20121102_0365.fits,58754.99532,566.7,1.643702108
366,FRB20121102,FRB20121102_0366.fits,58754.9956,566.4,0.610532798
367,FRB20121102,FRB20121102_0367.fits,58755.00281,561.9,1.662022015
368,FRB20121102,FRB20121102_0368.fits,58755.00466,565.7,4.113971977
369,FRB20121102,FRB20121102_0369.fits,58755.00494,565.2,2.411506861
370,FRB20121102,FRB20121102_0370.fits,58755.01201,568.1,1.121323253
371,FRB20121102,FRB20121102_0371.fits,58755.01217,568.5,0.401165849
372,FRB20121102,FRB20121102_0372.fits,58755.01277,566.3,1.063552871
373,FRB20121102,FRB20121102_0373.fits,58755.01666,564.7,3.839365114
374,FRB20121102,FRB20121102_0374.fits,58755.01899,569.2,4.620734719
375,FRB20121102,FRB20121102_0375.fits,58755.02097,566.2,2.907208004
376,FRB20121102,FRB20121102_0376.fits,58755.02146,564.4,0.502704852
377,FRB20121102,FRB20121102_0377.fits,58755.02154,566,0.277603604
378,FRB20121102,FRB20121102_0378.fits,58756.84107,566,1.173930592
379,FRB20121102,FRB20121102_0379.fits,58756.8412,566,2.147581894
380,FRB20121102,FRB20121102_0380.fits,58756.84493,566.7,1.658088597
381,FRB20121102,FRB20121102_0381.fits,58756.84662,565.1,0.568255316
382,FRB20121102,FRB20121102_0382.fits,58756.84999,566.4,1.450297027
383,FRB20121102,FRB20121102_0383.fits,58756.85067,566.2,4.416850791
384,FRB20121102,FRB20121102_0384.fits,58756.85304,566,1.993113686
385,FRB20121102,FRB20121102_0385.fits,58756.85543,566,2.748908219
386,FRB20121102,FRB20121102_0386.fits,58756.85588,565.1,0.78991726
387,FRB20121102,FRB20121102_0387.fits,58756.8568,565.7,4.579131142
388,FRB20121102,FRB20121102_0388.fits,58756.85764,564.1,0.998016866
389,FRB20121102,FRB20121102_0389.fits,58756.85854,566.1,0.469319522
390,FRB20121102,FRB20121102_0390.fits,58756.85894,567.2,1.796083851
391,FRB20121102,FRB20121102_0391.fits,58756.86044,566.1,1.546424045
392,FRB20121102,FRB20121102_0392.fits,58756.86322,567.4,3.901618347
393,FRB20121102,FRB20121102_0393.fits,58756.86449,567.3,2.015365125
394,FRB20121102,FRB20121102_0394.fits,58756.8655,567.3,1.576300291
395,FRB20121102,FRB20121102_0395.fits,58756.86746,564.4,0.988317537
396,FRB20121102,FRB20121102_0396.fits,58756.87105,567.3,0.489952834
397,FRB20121102,FRB20121102_0397.fits,58756.87179,565.9,2.895520278
398,FRB20121102,FRB20121102_0398.fits,58756.87443,566.7,0.204084464
399,FRB20121102,FRB20121102_0399.fits,58756.8756,565.8,3.909668117
400,FRB20121102,FRB20121102_0400.fits,58756.87664,566.7,3.716347273
401,FRB20121102,FRB20121102_0401.fits,58756.87884,566.4,0.89471892
402,FRB20121102,FRB20121102_0402.fits,58757.89664,566,2.511252975
403,FRB20121102,FRB20121102_0403.fits,58757.89922,567,2.764715441
404,FRB20121102,FRB20121102_0404.fits,58757.90166,566.1,1.323848055
405,FRB20121102,FRB20121102_0405.fits,58757.90206,566.1,4.092231626
406,FRB20121102,FRB20121102_0406.fits,58757.90415,565.8,3.154311748
407,FRB20121102,FRB20121102_0407.fits,58757.91258,564.9,3.743009269
408,FRB20121102,FRB20121102_0408.fits,58757.91374,561.2,0.06214825
409,FRB20121102,FRB20121102_0409.fits,58757.91479,567.9,1.183475903
410,FRB20121102,FRB20121102_0410.fits,58757.91696,565.5,3.600684553
411,FRB20121102,FRB20121102_0411.fits,58757.91703,566.9,2.022952843
412,FRB20121102,FRB20121102_0412.fits,58757.91759,564.6,4.286142765
413,FRB20121102,FRB20121102_0413.fits,58757.92194,568,0.917188497
414,FRB20121102,FRB20121102_0414.fits,58757.92228,564.9,1.055146661
415,FRB20121102,FRB20121102_0415.fits,58757.92326,565.4,4.53687252
416,FRB20121102,FRB20121102_0416.fits,58757.92706,565.2,4.126567463
417,FRB20121102,FRB20121102_0417.fits,58757.92719,568,1.181681757
418,FRB20121102,FRB20121102_0418.fits,58757.92823,567,0.285413861
419,FRB20121102,FRB20121102_0419.fits,58757.92887,564.8,2.742829244
420,FRB20121102,FRB20121102_0420.fits,58757.9317,564.7,1.582048601
421,FRB20121102,FRB20121102_0421.fits,58757.93189,567.2,3.495561029
422,FRB20121102,FRB20121102_0422.fits,58758.93942,567.4,4.197091749
423,FRB20121102,FRB20121102_0423.fits,58758.94965,566.1,2.147437935
424,FRB20121102,FRB20121102_0424.fits,58758.9561,565.7,2.768079308
425,FRB20121102,FRB20121102_0425.fits,58758.95674,566.6,0.391673343
426,FRB20121102,FRB20121102_0426.fits,58758.95691,567.6,1.984775998
427,FRB20121102,FRB20121102_0427.fits,58758.95834,567.6,2.982555865
428,FRB20121102,FRB20121102_0428.fits,58758.95906,566.2,4.347900627
429,FRB20121102,FRB20121102_0429.fits,58758.95929,566,0.315385032
430,FRB20121102,FRB20121102_0430.fits,58758.96174,566.2,3.112373105
431,FRB20121102,FRB20121102_0431.fits,58758.96184,569,2.700004214
432,FRB20121102,FRB20121102_0432.fits,58758.96437,565.3,2.568680746
433,FRB20121102,FRB20121102_0433.fits,58758.96473,568,4.4173053
434,FRB20121102,FRB20121102_0434.fits,58758.96995,567.5,2.474809927
435,FRB20121102,FRB20121102_0435.fits,58758.9728,564.2,2.065068763
436,FRB20121102,FRB20121102_0436.fits,58758.97415,565.2,2.805950632
437,FRB20121102,FRB20121102_0437.fits,58759.94023,567.1,0.233902247
438,FRB20121102,FRB20121102_0438.fits,58759.9421,564.8,4.289854271
439,FRB20121102,FRB20121102_0439.fits,58759.94252,570,3.606744041
440,FRB20121102,FRB20121102_0440.fits,58759.94586,566.4,0.617509475
441,FRB20121102,FRB20121102_0441.fits,58759.9464,564.3,1.918705017
442,FRB20121102,FRB20121102_0442.fits,58759.95608,567.5,4.139294964
443,FRB20121102,FRB20121102_0443.fits,58759.95627,570,4.507181095
444,FRB20121102,FRB20121102_0444.fits,58759.95846,566.2,3.003214323
445,FRB20121102,FRB20121102_0445.fits,58759.96444,566.5,2.586198505
446,FRB20121102,FRB20121102_0446.fits,58759.96639,568.9,2.87085108
447,FRB20121102,FRB20121102_0447.fits,58759.96704,566,0.642448361
448,FRB20121102,FRB20121102_0448.fits,58759.97206,564.8,3.569552908
449,FRB20121102,FRB20121102_0449.fits,58762.83461,565.8,2.131951321
450,FRB20121102,FRB20121102_0450.fits,58762.84356,564.4,0.656558247
451,FRB20121102,FRB20121102_0451.fits,58762.85366,565.4,1.678085723
452,FRB20121102,FRB20121102_0452.fits,58763.8214,564.7,1.642285776
453,FRB20121102,FRB20121102_0453.fits,58763.84024,565.1,2.100783843
454,FRB20121102,FRB20121102_0454.fits,58766.92641,567.4,3.359095892
455,FRB20121102,FRB20121102_0455.fits,58766.95404,566.3,0.873441249
456,FRB20121102,FRB20121102_0456.fits,58767.95095,565.1,2.570858365
457,FRB20121102,FRB20121102_0457.fits,58767.95767,564.6,3.29165007
458,FRB20121102,FRB20121102_0458.fits,58767.97261,569.8,1.659074938
459,FRB20121102,FRB20121102_0459.fits,58768.90851,569.2,0.917274621
460,FRB20121102,FRB20121102_0460.fits,58768.93653,568,2.834000671
461,FRB20121102,FRB20121102_0461.fits,58772.90292,563.6,4.010810447
462,FRB20121102,FRB20121102_0462.fits,58774.92049,566,2.967743785
463,FRB20121102,FRB20121102_0463.fits,58776.83642,567.4,3.883802611
464,FRB20121102,FRB20121102_0464.fits,58776.8371,564.4,1.219190983
465,FRB20121102,FRB20121102_0465.fits,58776.8393,564.4,0.535939937
466,FRB20121102,FRB20121102_0466.fits,58776.85112,565.4,2.993496764
467,FRB20121102,FRB20121102_0467.fits,58776.85711,564.7,2.303186059
468,FRB20121102,FRB20121102_0468.fits,58776.87302,565.6,0.812416384
469,FRB20121102,FRB20121102_0469.fits,58776.87366,567.6,3.550174995
470,FRB20121102,FRB20121102_0470.fits,58776.87393,566,0.144397351
1,FRB20201124,FRB20201124_0001.fits,59482.94568,412.97,2.700315393
2,FRB20201124,FRB20201124_0002.fits,59482.95464,412.97,3.722441965
3,FRB20201124,FRB20201124_0003.fits,59482.95822,412.97,3.589289775
4,FRB20201124,FRB20201124_0004.fits,59482.96132,412.97,2.092881175
5,FRB20201124,FRB20201124_0005.fits,59482.96206,412.97,0.835693139
6,FRB20201124,FRB20201124_0006.fits,59482.96489,412.97,0.488043018
7,FRB20201124,FRB20201124_0007.fits,59482.96678,412.97,3.034828766
8,FRB20201124,FRB20201124_0008.fits,59482.97941,412.97,4.739588429
9,FRB20201124,FRB20201124_0009.fits,59482.9803,412.97,4.724973743
10,FRB20201124,FRB20201124_0010.fits,59483.86638,412.18,2.396802907
11,FRB20201124,FRB20201124_0011.fits,59483.86904,412.18,0.503937621
12,FRB20201124,FRB20201124_0012.fits,59483.87118,412.18,4.480103566
13,FRB20201124,FRB20201124_0013.fits,59483.87941,412.18,0.442252052
14,FRB20201124,FRB20201124_0014.fits,59483.89465,412.18,2.731828624
15,FRB20201124,FRB20201124_0015.fits,59483.89521,412.18,0.061227917
16,FRB20201124,FRB20201124_0016.fits,59483.89718,412.18,2.838139655
17,FRB20201124,FRB20201124_0017.fits,59483.89824,412.18,3.906414891
18,FRB20201124,FRB20201124_0018.fits,59484.81449,411.51,1.994827366
19,FRB20201124,FRB20201124_0019.fits,59484.81466,411.51,4.149206774
20,FRB20201124,FRB20201124_0020.fits,59484.81515,411.51,1.394326449
21,FRB20201124,FRB20201124_0021.fits,59484.81751,411.51,4.824296781
22,FRB20201124,FRB20201124_0022.fits,59484.8203,411.51,2.122971788
23,FRB20201124,FRB20201124_0023.fits,59484.82081,411.51,0.545763108
24,FRB20201124,FRB20201124_0024.fits,59484.8216,411.51,4.053570097
25,FRB20201124,FRB20201124_0025.fits,59484.8226,411.51,0.950278365
26,FRB20201124,FRB20201124_0026.fits,59484.82391,411.51,3.74175827
27,FRB20201124,FRB20201124_0027.fits,59484.82702,411.51,2.884674305
28,FRB20201124,FRB20201124_0028.fits,59484.82858,411.51,1.881066291
29,FRB20201124,FRB20201124_0029.fits,59484.82961,411.51,0.856930576
30,FRB20201124,FRB20201124_0030.fits,59484.8303,411.51,2.355978219
31,FRB20201124,FRB20201124_0031.fits,59484.83085,411.51,4.929354927
32,FRB20201124,FRB20201124_0032.fits,59484.83103,411.51,1.528251241
33,FRB20201124,FRB20201124_0033.fits,59484.83144,411.51,3.944689804
34,FRB20201124,FRB20201124_0034.fits,59484.83218,411.51,3.310804185
35,FRB20201124,FRB20201124_0035.fits,59484.83371,411.51,0.837296178
36,FRB20201124,FRB20201124_0036.fits,59484.83419,411.51,3.368888889
37,FRB20201124,FRB20201124_0037.fits,59484.8343,411.51,0.737034576
38,FRB20201124,FRB20201124_0038.fits,59484.83548,411.51,4.906664067
39,FRB20201124,FRB20201124_0039.fits,59484.83592,411.51,4.450080846
40,FRB20201124,FRB20201124_0040.fits,59484.83649,411.51,2.508776751
41,FRB20201124,FRB20201124_0041.fits,59484.83885,411.51,0.368524203
42,FRB20201124,FRB20201124_0042.fits,59484.8393,411.51,0.301277032
43,FRB20201124,FRB20201124_0043.fits,59484.83965,411.51,4.848818248
44,FRB20201124,FRB20201124_0044.fits,59484.8398,411.51,4.412390571
45,FRB20201124,FRB20201124_0045.fits,59484.84203,411.51,4.488497833
46,FRB20201124,FRB20201124_0046.fits,59484.84208,411.51,2.413647389
47,FRB20201124,FRB20201124_0047.fits,59484.8423,411.51,2.331013558
48,FRB20201124,FRB20201124_0048.fits,59484.84313,411.51,2.887905529
49,FRB20201124,FRB20201124_0049.fits,59484.84371,411.51,1.723121689
50,FRB20201124,FRB20201124_0050.fits,59484.84507,411.51,2.510560839
51,FRB20201124,FRB20201124_0051.fits,59484.84528,411.51,1.911336067
52,FRB20201124,FRB20201124_0052.fits,59484.84596,411.51,2.933738614
53,FRB20201124,FRB20201124_0053.fits,59484.84701,411.51,2.788257482
54,FRB20201124,FRB20201124_0054.fits,59484.84802,411.51,0.531228259
55,FRB20201124,FRB20201124_0055.fits,59484.84864,411.51,2.255657525
56,FRB20201124,FRB20201124_0056.fits,59484.84908,411.51,1.466347533
57,FRB20201124,FRB20201124_0057.fits,59484.84955,411.51,3.501139604
58,FRB20201124,FRB20201124_0058.fits,59484.8496,411.51,1.845312864
59,FRB20201124,FRB20201124_0059.fits,59484.85148,411.51,2.784773544
60,FRB20201124,FRB20201124_0060.fits,59485.78427,412.55,1.479904214
61,FRB20201124,FRB20201124_0061.fits,59485.78436,412.55,1.989685697
62,FRB20201124,FRB20201124_0062.fits,59485.7857,412.55,2.775360877
63,FRB20201124,FRB20201124_0063.fits,59485.78645,412.55,2.67126204
64,FRB20201124,FRB20201124_0064.fits,59485.78659,412.55,1.679139328
65,FRB20201124,FRB20201124_0065.fits,59485.78698,412.55,3.01750463
66,FRB20201124,FRB20201124_0066.fits,59485.78741,412.55,2.120068716
67,FRB20201124,FRB20201124_0067.fits,59485.78749,412.55,2.02780785
68,FRB20201124,FRB20201124_0068.fits,59485.78774,412.55,4.165333346
69,FRB20201124,FRB20201124_0069.fits,59485.78837,412.55,0.627218862
70,FRB20201124,FRB20201124_0070.fits,59485.78964,412.55,1.097979862
71,FRB20201124,FRB20201124_0071.fits,59485.78972,412.55,1.275642472
72,FRB20201124,FRB20201124_0072.fits,59485.79023,412.55,0.606927532
73,FRB20201124,FRB20201124_0073.fits,59485.79356,412.55,4.861169192
74,FRB20201124,FRB20201124_0074.fits,59485.79522,412.55,0.487413746
75,FRB20201124,FRB20201124_0075.fits,59485.79646,412.55,4.18157496
76,FRB20201124,FRB20201124_0076.fits,59485.79739,412.55,1.057219296
77,FRB20201124,FRB20201124_0077.fits,59485.79807,412.55,1.807910507
78,FRB20201124,FRB20201124_0078.fits,59485.79922,412.55,3.652913449
79,FRB20201124,FRB20201124_0079.fits,59485.79978,412.55,0.550812366
80,FRB20201124,FRB20201124_0080.fits,59485.80023,412.55,1.588573284
81,FRB20201124,FRB20201124_0081.fits,59485.8007,412.55,3.466132376
82,FRB20201124,FRB20201124_0082.fits,59485.80092,412.55,2.6063069
83,FRB20201124,FRB20201124_0083.fits,59485.80097,412.55,0.751328026
84,FRB20201124,FRB20201124_0084.fits,59485.80146,412.55,4.464302002
85,FRB20201124,FRB20201124_0085.fits,59485.80264,412.55,3.904892947
86,FRB20201124,FRB20201124_0086.fits,59485.80343,412.55,0.951537536
87,FRB20201124,FRB20201124_0087.fits,59485.80357,412.55,0.421058619
88,FRB20201124,FRB20201124_0088.fits,59485.80396,412.55,2.034947975
89,FRB20201124,FRB20201124_0089.fits,59485.80411,412.55,1.438018377
90,FRB20201124,FRB20201124_0090.fits,59485.80445,412.55,4.537095688
91,FRB20201124,FRB20201124_0091.fits,59485.80499,412.55,0.425552786
92,FRB20201124,FRB20201124_0092.fits,59485.80567,412.55,0.923936348
93,FRB20201124,FRB20201124_0093.fits,59485.80659,412.55,3.036246984
94,FRB20201124,FRB20201124_0094.fits,59485.80664,412.55,1.617182186
95,FRB20201124,FRB20201124_0095.fits,59485.80747,412.55,2.424395294
96,FRB20201124,FRB20201124_0096.fits,59485.80755,412.55,2.227403177
97,FRB20201124,FRB20201124_0097.fits,59485.80785,412.55,1.935885195
98,FRB20201124,FRB20201124_0098.fits,59485.80793,412.55,2.610296896
99,FRB20201124,FRB20201124_0099.fits,59485.80825,412.55,4.810424522
100,FRB20201124,FRB20201124_0100.fits,59485.80858,412.55,0.964748464
101,FRB20201124,FRB20201124_0101.fits,59485.80943,412.55,3.923180164
102,FRB20201124,FRB20201124_0102.fits,59485.8114,412.55,0.291798357
103,FRB20201124,FRB20201124_0103.fits,59485.81153,412.55,4.960436281
104,FRB20201124,FRB20201124_0104.fits,59485.81158,412.55,2.077224827
105,FRB20201124,FRB20201124_0105.fits,59485.81174,412.55,3.894184646
106,FRB20201124,FRB20201124_0106.fits,59485.81231,412.55,1.929756557
107,FRB20201124,FRB20201124_0107.fits,59485.81307,412.55,1.969674742
108,FRB20201124,FRB20201124_0108.fits,59485.8133,412.55,3.369235899
109,FRB20201124,FRB20201124_0109.fits,59485.81399,412.55,4.264298687
110,FRB20201124,FRB20201124_0110.fits,59485.81411,412.55,2.230934892
111,FRB20201124,FRB20201124_0111.fits,59485.8144,412.55,1.581403613
112,FRB20201124,FRB20201124_0112.fits,59485.81464,412.55,3.441908886
113,FRB20201124,FRB20201124_0113.fits,59485.81489,412.55,4.730629642
114,FRB20201124,FRB20201124_0114.fits,59485.81537,412.55,1.923278393
115,FRB20201124,FRB20201124_0115.fits,59485.81667,412.55,3.844277328
116,FRB20201124,FRB20201124_0116.fits,59485.81707,412.55,0.675083091
117,FRB20201124,FRB20201124_0117.fits,59485.81714,412.55,0.322760898
118,FRB20201124,FRB20201124_0118.fits,59485.81726,412.55,3.873705352
119,FRB20201124,FRB20201124_0119.fits,59485.81772,412.55,4.863713938
120,FRB20201124,FRB20201124_0120.fits,59485.81939,412.55,0.811821688
121,FRB20201124,FRB20201124_0121.fits,59485.81964,412.55,3.690076293
122,FRB20201124,FRB20201124_0122.fits,59485.82,412.55,2.113645873
123,FRB20201124,FRB20201124_0123.fits,59485.8208,412.55,0.520822336
124,FRB20201124,FRB20201124_0124.fits,59485.82171,412.55,1.380010997
125,FRB20201124,FRB20201124_0125.fits,59485.82275,412.55,1.850361493
1,FRB20180301,FRB20180301_0001.fits,59282.46053,517.8,3.327491507
2,FRB20180301,FRB20180301_0002.fits,59282.51773,517.81,2.495244588
3,FRB20180301,FRB20180301_0003.fits,59282.52436,518,2.234939346
4,FRB20180301,FRB20180301_0004.fits,59292.40577,517.83,1.108576893
5,FRB20180301,FRB20180301_0005.fits,59292.41057,517.9,4.017984518
